{
  "best_fitness": 13174.13862049036,
  "layer_weights": [
    0.9007180859702683,
    -0.05530945919524001,
    -0.5060724665714122,
    3.4298102512275435,
    0.2531101838710232,
    8.78218510597124,
    2.9118364894902884,
    17.299568625404742,
    14.484437796068752
  ],
  "meta_weights": [
    -168.33954849522502,
    -4.044730794273626,
    0.5455453865102872,
    -3.5504514023239144,
    -0.5733023367763187
  ]
}