{
  "samples": 100000000,
  "events_per_state": 0.50008516,
  "jump_hist": [
    0,
    25006540,
    12500788,
    6251993,
    3121257,
    1564947,
    781837,
    390469,
    195120,
    97827,
    49034,
    24497,
    12089,
    6079,
    3020,
    1504,
    745,
    381,
    207,
    101
  ],
  "tails": {
    "1": {
      "P": 0.50008516,
      "ratio_to_2^-j": 1.00017032
    },
    "2": {
      "P": 0.25001976,
      "ratio_to_2^-j": 1.00007904
    },
    "3": {
      "P": 0.12501188,
      "ratio_to_2^-j": 1.00009504
    },
    "4": {
      "P": 0.06249195,
      "ratio_to_2^-j": 0.9998712
    },
    "5": {
      "P": 0.03127938,
      "ratio_to_2^-j": 1.00094016
    },
    "6": {
      "P": 0.01562991,
      "ratio_to_2^-j": 1.00031424
    },
    "7": {
      "P": 0.00781154,
      "ratio_to_2^-j": 0.99987712
    },
    "8": {
      "P": 0.00390685,
      "ratio_to_2^-j": 1.0001536
    },
    "9": {
      "P": 0.00195565,
      "ratio_to_2^-j": 1.0012928
    },
    "10": {
      "P": 0.00097738,
      "ratio_to_2^-j": 1.00083712
    },
    "11": {
      "P": 0.00048704,
      "ratio_to_2^-j": 0.99745792
    },
    "12": {
      "P": 0.00024207,
      "ratio_to_2^-j": 0.99151872
    }
  },
  "phase_hist": {
    "10|+10": 24418,
    "10|+5": 12134,
    "10|+7": 12482,
    "11|+10": 12156,
    "11|+5": 6205,
    "11|+7": 6136,
    "12|+10": 6005,
    "12|+5": 3073,
    "12|+7": 3011,
    "1|+10": 12507012,
    "1|+5": 6248895,
    "1|+7": 6250633,
    "2|+10": 6250828,
    "2|+5": 3125898,
    "2|+7": 3124062,
    "3|+10": 3129388,
    "3|+5": 1560791,
    "3|+7": 1561814,
    "4|+10": 1561191,
    "4|+5": 780584,
    "4|+7": 779482,
    "5|+10": 783232,
    "5|+5": 391539,
    "5|+7": 390176,
    "6|+10": 391606,
    "6|+5": 195184,
    "6|+7": 195047,
    "7|+10": 194524,
    "7|+5": 98090,
    "7|+7": 97855,
    "8|+10": 97342,
    "8|+5": 48855,
    "8|+7": 48923,
    "9|+10": 48981,
    "9|+5": 24437,
    "9|+7": 24409
  }
}