{
  "p14_k_codex_upper": 13904056,
  "cf_log23": [
    1,
    1,
    1,
    2,
    2,
    3,
    1,
    5,
    2,
    23,
    2,
    2,
    1,
    1,
    55
  ],
  "convergents_q_p_dist": [
    [
      1,
      1,
      0.5849625007211563
    ],
    [
      2,
      1,
      2.1699250014423126
    ],
    [
      3,
      2,
      2.754887502163469
    ],
    [
      8,
      5,
      7.67970000576925
    ],
    [
      19,
      12,
      18.11428751370197
    ],
    [
      65,
      41,
      62.022562546875164
    ]
  ],
  "sample_k_orbits": {
    "27": 544,
    "6171": 728
  },
  "facts": "Verified n<2^71, Hercher m<=91 + floor 1.375e11 odds, Tao log-density",
  "threshold_note": "Any exception needs surprise K > current K(codex) or outside verified + CF bands"
}