{
  "p19_k": 21247216,
  "cf": [
    1,
    1,
    1,
    2,
    2,
    3,
    1,
    5,
    2,
    23,
    2,
    2
  ],
  "cross": [
    16785921,
    10590737,
    27376634.067140948
  ],
  "s_floor": 355432343851.65295,
  "new_invariant": "repetition_ladder_surprise"
}