{
  "num_starts": 10000000,
  "total_states": 1123358725,
  "events_minus1": 281693947,
  "events_minus5": 573077848,
  "events_per_state": {
    "minus1": 0.2507604567721678,
    "minus5": 0.5101467903763333
  },
  "jump_hist_minus1": [
    0,
    149900482,
    59366873,
    36481680,
    19495676,
    7007382,
    6422440,
    1609182,
    793944,
    296293,
    141946,
    100981,
    28140,
    34478,
    7033,
    4469,
    1145,
    1220,
    144,
    378,
    30,
    26,
    2,
    3,
    0,
    0,
    0,
    0,
    0,
    0,
    0,
    0,
    0,
    0,
    0,
    0,
    0,
    0,
    0,
    0,
    0,
    0,
    0,
    0,
    0,
    0,
    0,
    0,
    0,
    0,
    0,
    0,
    0,
    0,
    0,
    0,
    0,
    0,
    0,
    0,
    0,
    0,
    0,
    0
  ],
  "jump_hist_minus5": [
    0,
    280976785,
    161114011,
    69888379,
    28185218,
    14799563,
    8244255,
    7001471,
    1647394,
    652290,
    259014,
    185782,
    62529,
    35067,
    15049,
    6699,
    2230,
    1203,
    375,
    375,
    81,
    15,
    4,
    57,
    1,
    1,
    0,
    0,
    0,
    0,
    0,
    0,
    0,
    0,
    0,
    0,
    0,
    0,
    0,
    0,
    0,
    0,
    0,
    0,
    0,
    0,
    0,
    0,
    0,
    0,
    0,
    0,
    0,
    0,
    0,
    0,
    0,
    0,
    0,
    0,
    0,
    0,
    0,
    0
  ],
  "max_single_jump": {
    "minus1": [
      23,
      7456539
    ],
    "minus5": [
      25,
      18620319
    ]
  },
  "max_orbit_total_fresh": {
    "minus1": [
      261,
      15733191
    ],
    "minus5": [
      442,
      15733191
    ]
  },
  "worst_fresh1_per_bit": {
    "ratio": 10.875,
    "start": 15733191
  },
  "orbit_fresh_hist_minus1": [
    0,
    16,
    73,
    203,
    468,
    1001,
    1751,
    3092,
    4954,
    7439,
    10975,
    13689,
    19652,
    24693,
    31382,
    40419,
    42947,
    54657,
    60519,
    69901,
    81226,
    82204,
    96710,
    95026,
    111962,
    122827,
    118588,
    133509,
    122231,
    143308,
    147809,
    142545,
    153240,
    139066,
    156766,
    149663,
    156421,
    164690,
    143958,
    156068,
    136257,
    155938,
    157533,
    146371,
    157003,
    136512,
    154201,
    151733,
    147424,
    156253,
    134013,
    146058,
    129935,
    151583,
    158872,
    140639,
    152606,
    132734,
    150298,
    148049,
    143308,
    152187,
    129856,
    141229,
    125651,
    141758,
    148969,
    124422,
    132625,
    113644,
    128490,
    128476,
    114851,
    119860,
    99177,
    106309,
    93073,
    102704,
    105660,
    85283,
    90178,
    75795,
    84625,
    85636,
    69931,
    72055,
    57569,
    61060,
    53542,
    56941,
    57803,
    45732,
    48082,
    40038,
    44913,
    45087,
    36280,
    37492,
    29988,
    32475,
    29887,
    28815,
    28943,
    22852,
    23749,
    19903,
    22723,
    22516,
    17613,
    17874,
    14864,
    16195,
    15278,
    13523,
    13757,
    10634,
    11214,
    9507,
    10620,
    10465,
    8126,
    8526,
    7059,
    7709,
    7294,
    6030,
    6008,
    4794,
    4971,
    4252,
    4545,
    4413,
    3393,
    3633,
    3089,
    3219,
    3156,
    2457,
    2471,
    1876,
    2044,
    1806,
    1932,
    1901,
    1465,
    1492,
    1226,
    1346,
    1339,
    1035,
    1054,
    837,
    894,
    734,
    784,
    771,
    580,
    606,
    515,
    571,
    557,
    413,
    401,
    350,
    413,
    365,
    287,
    288,
    256,
    247,
    192,
    234,
    212,
    140,
    163,
    126,
    130,
    109,
    121,
    105,
    55,
    68,
    58,
    80,
    89,
    59,
    66,
    45,
    56,
    76,
    74,
    57,
    35,
    58,
    47,
    50,
    37,
    50,
    45,
    46,
    33,
    46,
    34,
    33,
    16,
    28,
    26,
    19,
    28,
    20,
    10,
    11,
    12,
    14,
    7,
    6,
    3,
    7,
    5,
    7,
    6,
    7,
    5,
    6,
    10,
    3,
    5,
    3,
    1,
    2,
    2,
    1,
    2,
    2,
    0,
    1,
    0,
    2,
    0,
    1,
    0,
    0,
    2,
    3,
    0,
    0,
    0,
    0,
    1,
    4,
    3,
    0,
    0,
    0,
    0,
    4
  ],
  "orbit_fresh_hist_minus5": [
    0,
    0,
    0,
    0,
    0,
    2,
    0,
    1,
    1,
    3,
    4,
    2,
    5,
    7,
    8,
    12,
    18,
    24,
    28,
    40,
    41,
    58,
    92,
    114,
    146,
    194,
    299,
    377,
    468,
    610,
    838,
    1148,
    1427,
    1910,
    2332,
    2954,
    3782,
    4483,
    5714,
    6745,
    8230,
    10302,
    11008,
    12696,
    15919,
    16788,
    19929,
    22515,
    25056,
    30436,
    28889,
    31632,
    38788,
    37788,
    42659,
    46831,
    47737,
    56209,
    52267,
    54728,
    65615,
    57906,
    62179,
    72075,
    71229,
    82816,
    74613,
    75319,
    89861,
    74757,
    75424,
    92430,
    86035,
    96480,
    90348,
    87017,
    101893,
    86596,
    83967,
    102877,
    88665,
    93766,
    100026,
    94165,
    111986,
    90977,
    87331,
    106059,
    83163,
    80469,
    101892,
    90928,
    104015,
    93697,
    87743,
    107478,
    85094,
    81072,
    103309,
    89996,
    99913,
    96007,
    89308,
    108749,
    86512,
    80956,
    100492,
    79511,
    76824,
    99178,
    91616,
    108399,
    90573,
    84285,
    105219,
    81864,
    78416,
    99469,
    86572,
    97283,
    92790,
    85730,
    105239,
    81795,
    76073,
    94944,
    74928,
    74263,
    92159,
    84169,
    103020,
    79408,
    72705,
    91532,
    69129,
    65475,
    84661,
    73375,
    85563,
    74555,
    66870,
    83330,
    62536,
    56681,
    72062,
    54753,
    53885,
    66734,
    59146,
    73960,
    55095,
    48304,
    61486,
    45513,
    42147,
    56340,
    48752,
    59565,
    45736,
    39627,
    50884,
    36452,
    32019,
    42644,
    31622,
    31667,
    38057,
    32144,
    41862,
    30048,
    25118,
    33264,
    24237,
    21679,
    30839,
    25516,
    32854,
    24237,
    20533,
    26824,
    19029,
    16725,
    22861,
    17157,
    18907,
    19408,
    16096,
    21419,
    15040,
    12921,
    16978,
    12150,
    10781,
    15231,
    12620,
    16964,
    11819,
    9715,
    13014,
    9220,
    7880,
    11469,
    8738,
    10778,
    9336,
    7555,
    10146,
    7119,
    5731,
    8024,
    5754,
    5236,
    7261,
    5985,
    8028,
    5509,
    4507,
    6288,
    4278,
    3756,
    5449,
    4107,
    5378,
    4272,
    3394,
    4698,
    3171,
    2484,
    3648,
    2603,
    2245,
    2981,
    2502,
    3666,
    2356,
    1911,
    2693,
    1770,
    1524,
    2271,
    1813,
    2546,
    1744,
    1402,
    1904,
    1308,
    1027,
    1503,
    1083,
    1100,
    1318,
    1024,
    1470,
    1003,
    771,
    21185
  ],
  "tail_vs_iid": {
    "4": {
      "minus1_P_state": 0.03199771471041007,
      "minus5_P_state": 0.05438928068146709,
      "iid_2^-j": 0.0625
    },
    "8": {
      "minus1_P_state": 0.0012553710303002275,
      "minus5_P_state": 0.002553205789183682,
      "iid_2^-j": 0.00390625
    },
    "12": {
      "minus1_P_state": 6.860497745277227e-05,
      "minus5_P_state": 0.00011010374268468872,
      "iid_2^-j": 0.000244140625
    },
    "16": {
      "minus1_P_state": 2.6242730255199646e-06,
      "minus5_P_state": 3.86519453080315e-06,
      "iid_2^-j": 1.52587890625e-05
    },
    "20": {
      "minus1_P_state": 5.430144320105761e-08,
      "minus5_P_state": 1.4153982736013378e-07,
      "iid_2^-j": 9.5367431640625e-07
    }
  },
  "elapsed_s": 553.3
}