{"lam": 0.5, "mu": 0.3, "results": [{"start": 27, "steps": 70, "final_M": -5.016537470432596, "min_V": -6.43197701302221, "strict_dec_count": 29, "avg_delta": -0.09658270956071426, "repulsion_rate": 0.42028985507246375}, {"start": 703, "steps": 108, "final_M": -9.73232495528832, "min_V": -22.65106919050239, "strict_dec_count": 46, "avg_delta": -0.20825513212307908, "repulsion_rate": 0.42990654205607476}, {"start": 35655, "steps": 204, "final_M": -15.389462414182418, "min_V": -59.61736799749076, "strict_dec_count": 85, "avg_delta": -0.29408668938008786, "repulsion_rate": 0.4187192118226601}], "note": "Potential V = M - lam*log(1+D) - mu*(A/d) on positives. Search for params making avg_delta <0 and final_M <<0."}